City_ID,City,Lat,Lng,Max Temp,Humidity,Cloudiness,Wind Speed,Country,Date
0,Vaini,-21.2,-175.2,78.96,89,75,6.91,TO,2022-11-10 04:07:29
1,Bluff,-46.6,168.3333,58.8,64,0,17.2,NZ,2022-11-10 04:07:30
2,Mahebourg,-20.4081,57.7,78.26,65,20,6.91,MU,2022-11-10 04:04:41
3,Kaitangata,-46.2817,169.8464,55.99,61,0,11.97,NZ,2022-11-10 04:07:30
4,Cape Town,-33.9258,18.4232,60.91,69,0,8.99,ZA,2022-11-10 04:02:21
5,Chokurdakh,70.6333,147.9167,-9.63,99,100,8.32,RU,2022-11-10 04:07:31
6,Alice Springs,-23.7,133.8833,94.55,21,18,14.97,AU,2022-11-10 04:07:31
7,Berlevag,70.8578,29.0864,33.8,86,100,5.75,NO,2022-11-10 04:07:31
8,Cabo San Lucas,22.8909,-109.9124,76.6,68,48,5.01,MX,2022-11-10 04:06:13
9,Lompoc,34.6391,-120.4579,51.01,83,0,9.22,US,2022-11-10 04:07:32
10,Harper,4.375,-7.7169,77.2,84,30,6.46,LR,2022-11-10 04:07:32
11,Hobart,-42.8794,147.3294,83.26,47,75,18.41,AU,2022-11-10 04:06:23
12,Jiexiu,37.0244,111.9125,62.06,59,29,3.22,CN,2022-11-10 04:07:33
13,Vaitape,-16.5167,-151.75,79.34,78,100,14.79,PF,2022-11-10 04:07:33
14,Shanghai,31.2222,121.4581,78.66,69,0,4.47,CN,2022-11-10 04:05:04
15,Port Blair,11.6667,92.75,84.16,71,28,13.24,IN,2022-11-10 04:07:34
16,Tautira,-17.7333,-149.15,77.13,85,88,13.15,PF,2022-11-10 04:07:34
17,Souillac,-20.5167,57.5167,77.38,65,20,6.91,MU,2022-11-10 04:07:35
18,High Level,58.5169,-117.136,2.41,97,53,2.42,CA,2022-11-10 04:03:04
19,Hithadhoo,-0.6,73.0833,81.91,72,89,13.09,MV,2022-11-10 04:07:35
20,Jamestown,42.097,-79.2353,53.19,31,0,11.5,US,2022-11-10 04:06:13
21,Enid,36.3956,-97.8784,70.3,70,75,24.16,US,2022-11-10 04:07:35
22,Sept-Iles,50.2001,-66.3821,33.06,72,100,2.3,CA,2022-11-10 04:02:33
23,Albany,42.6001,-73.9662,44.31,60,0,2.71,US,2022-11-10 04:06:17
24,Barrow,71.2906,-156.7887,19.42,86,0,11.5,US,2022-11-10 04:07:36
25,Mount Isa,-20.7333,139.5,92.97,31,100,12.66,AU,2022-11-10 04:07:36
26,Solnechnogorsk,56.1833,36.9833,46.24,94,100,9.98,RU,2022-11-10 04:07:37
27,Fortuna,40.5982,-124.1573,43.66,96,0,3.44,US,2022-11-10 04:07:37
28,Rikitea,-23.1203,-134.9692,72.73,88,100,13.27,PF,2022-11-10 04:06:19
29,Kruisfontein,-34.0033,24.7314,55.89,77,94,6.06,ZA,2022-11-10 04:07:38
30,Luderitz,-26.6481,15.1594,56.44,81,3,12.35,NA,2022-11-10 04:07:38
31,Mossendjo,-2.9506,12.7261,69.49,99,100,0.74,CG,2022-11-10 04:06:50
32,Teguise,29.0605,-13.564,64.62,83,0,10.36,ES,2022-11-10 04:07:38
33,Punta Arenas,-53.15,-70.9167,39.11,69,4,7.29,CL,2022-11-10 04:02:32
34,Ahipara,-35.1667,173.1667,68.23,76,87,7.78,NZ,2022-11-10 04:07:39
35,Kapaa,22.0752,-159.319,80.58,78,40,13.8,US,2022-11-10 04:07:39
36,Georgetown,5.4112,100.3354,87.73,73,20,8.05,MY,2022-11-10 04:06:29
37,Yellowknife,62.456,-114.3525,8.56,84,100,11.01,CA,2022-11-10 04:02:20
38,Ancud,-41.8697,-73.8203,51.3,96,98,4.07,CL,2022-11-10 04:04:15
39,Vao,-22.6667,167.4833,73.22,77,35,16.98,NC,2022-11-10 04:07:40
40,Qaanaaq,77.484,-69.3632,-7.26,63,95,6.71,GL,2022-11-10 04:07:40
41,Mataura,-46.1927,168.8643,58.48,35,0,5.44,NZ,2022-11-10 04:06:16
42,Erzin,36.9559,36.2,58.77,67,79,4.27,TR,2022-11-10 04:07:41
43,Turinsk,58.0458,63.696,32.52,99,100,5.82,RU,2022-11-10 04:07:41
44,Kavaratti,10.5669,72.642,82.96,69,56,11.59,IN,2022-11-10 04:07:42
45,Atexcatzingo,19.4667,-98.1333,49.21,89,15,4.83,MX,2022-11-10 04:07:42
46,Ostrovnoy,68.0531,39.5131,35.13,91,100,7.49,RU,2022-11-10 04:07:43
47,Altamira,-3.2033,-52.2064,77.2,77,100,2.64,BR,2022-11-10 04:07:43
48,Portland,45.5234,-122.6762,44.62,84,100,0.0,US,2022-11-10 04:02:49
49,Isangel,-19.55,169.2667,84.31,79,75,4.61,VU,2022-11-10 04:07:43
50,Thompson,55.7435,-97.8558,-1.35,99,82,5.06,CA,2022-11-10 04:06:27
51,Panaba,21.2833,-88.2667,71.6,86,0,5.1,MX,2022-11-10 04:07:44
52,Kosh-Agach,50.0,88.6667,13.55,58,56,1.5,RU,2022-11-10 04:07:44
53,Ushuaia,-54.8,-68.3,40.66,65,0,14.97,AR,2022-11-10 04:06:24
54,Ribeira Grande,38.5167,-28.7,69.78,92,99,17.0,PT,2022-11-10 04:07:45
55,Provideniya,64.3833,-173.3,26.71,80,100,2.24,RU,2022-11-10 04:07:45
56,Dickson,36.077,-87.3878,63.75,43,0,6.91,US,2022-11-10 04:02:50
57,Kuusamo,65.9667,29.1833,30.24,100,100,5.75,FI,2022-11-10 04:07:46
58,Dongying,37.4564,118.4856,63.28,63,98,3.06,CN,2022-11-10 04:07:46
59,Saldanha,-33.0117,17.9442,56.1,77,0,7.02,ZA,2022-11-10 04:06:24
60,Khatanga,71.9667,102.5,-5.17,99,100,5.68,RU,2022-11-10 04:07:47
61,Ixtapa,20.7,-105.2,78.03,78,40,0.0,MX,2022-11-10 04:04:48
62,Bijie,27.3125,105.2942,64.31,62,79,9.93,CN,2022-11-10 04:07:47
63,Saint Anthony,45.0205,-93.218,62.83,95,100,0.0,US,2022-11-10 04:07:47
64,Baykit,61.67,96.37,22.37,88,100,9.33,RU,2022-11-10 04:07:48
65,Ilulissat,69.2167,-51.1,10.42,56,75,5.75,GL,2022-11-10 04:06:11
66,Sao Joao Da Barra,-21.6403,-41.0511,68.92,93,100,7.85,BR,2022-11-10 04:07:48
67,Hermanus,-34.4187,19.2345,57.79,74,1,11.72,ZA,2022-11-10 04:07:49
68,Port Alfred,-33.5906,26.891,59.18,97,100,11.7,ZA,2022-11-10 04:07:49
69,Norman Wells,65.282,-126.8329,9.88,87,5,7.23,CA,2022-11-10 04:06:14
70,Lichtenfels,50.1457,11.0593,49.41,96,78,1.01,DE,2022-11-10 04:07:50
71,Valle Del Guamuez,0.4525,-76.9192,69.4,97,86,2.84,CO,2022-11-10 04:07:50
72,Alyangula,-13.8483,136.4192,75.07,94,100,3.44,AU,2022-11-10 04:07:50
73,Porto Novo,6.4965,2.6036,77.16,89,72,5.35,BJ,2022-11-10 04:06:19
74,Namibe,-15.1961,12.1522,64.22,84,25,8.37,AO,2022-11-10 04:07:51
75,Marzuq,14.4,46.4667,67.26,52,2,3.11,YE,2022-11-10 04:07:51
76,Tonkino,57.3726,46.4629,42.39,98,100,9.1,RU,2022-11-10 04:07:52
77,Moree,-29.4667,149.85,79.75,30,20,3.76,AU,2022-11-10 04:07:52
78,Atuona,-9.8,-139.0333,77.2,75,72,17.2,PF,2022-11-10 04:06:28
79,Japura,-0.3167,102.35,77.2,94,100,1.3,ID,2022-11-10 04:07:53
80,Awjilah,29.1081,21.2869,60.01,62,0,7.34,LY,2022-11-10 04:07:53
81,Maralal,1.0968,36.698,59.36,76,59,4.63,KE,2022-11-10 04:07:53
82,Lata,40.1629,-8.3327,56.07,92,1,2.62,PT,2022-11-10 04:07:54
83,Ponta Do Sol,32.6667,-17.1,68.72,82,31,2.26,PT,2022-11-10 04:07:54
84,Nanortalik,60.1432,-45.2371,29.46,95,100,10.83,GL,2022-11-10 04:06:26
85,Ambon,-3.6954,128.1814,89.74,66,40,8.05,ID,2022-11-10 04:04:54
86,Syamzha,60.0158,41.0614,43.3,98,100,7.85,RU,2022-11-10 04:07:55
87,Airai,-8.9266,125.4092,74.48,60,84,2.17,TL,2022-11-10 04:07:55
88,Barnaul,53.3606,83.7636,29.12,86,75,11.18,RU,2022-11-10 04:07:56
89,East London,-33.0153,27.9116,64.15,78,100,5.44,ZA,2022-11-10 04:07:56
90,Haines Junction,60.7522,-137.5108,17.85,97,100,2.35,CA,2022-11-10 04:06:28
91,San Julian,21.0167,-102.1667,56.44,34,0,1.21,MX,2022-11-10 04:07:56
92,Busselton,-33.65,115.3333,62.8,78,98,15.55,AU,2022-11-10 04:06:19
93,Longyearbyen,78.2186,15.6401,22.84,68,40,9.22,SJ,2022-11-10 04:07:57
94,Bastia,42.6667,9.3333,66.0,87,0,5.75,FR,2022-11-10 04:07:57
95,Kishapu,-3.6167,33.8667,73.29,61,99,2.01,TZ,2022-11-10 04:07:58
96,Doha,25.2867,51.5333,84.18,65,0,13.8,QA,2022-11-10 04:07:58
97,Pachino,36.7186,15.0907,63.39,75,39,2.26,IT,2022-11-10 04:07:58
98,Coihaique,-45.5752,-72.0662,45.7,96,74,3.6,CL,2022-11-10 04:03:12
99,Castro,-24.7911,-50.0119,54.66,71,5,2.64,BR,2022-11-10 04:07:59
100,Cap Malheureux,-19.9842,57.6142,78.48,61,6,7.0,MU,2022-11-10 04:07:59
101,Severo-Kurilsk,50.6789,156.125,40.35,85,100,22.73,RU,2022-11-10 04:08:00
102,Puerto Ayora,-0.7393,-90.3518,67.55,90,32,1.99,EC,2022-11-10 04:08:00
103,Mar Del Plata,-38.0023,-57.5575,61.88,91,0,13.0,AR,2022-11-10 04:08:01
104,Bonfim,3.0833,-59.95,75.33,88,100,1.5,BR,2022-11-10 04:08:01
105,Betioky,-23.7167,44.3833,78.94,57,22,3.87,MG,2022-11-10 04:08:02
106,Bredasdorp,-34.5322,20.0403,56.86,69,29,8.61,ZA,2022-11-10 04:08:02
107,Korla,41.7597,86.1469,47.23,45,100,7.58,CN,2022-11-10 04:08:03
108,Upernavik,72.7868,-56.1549,5.18,71,94,5.21,GL,2022-11-10 04:06:25
109,Hamilton,39.1834,-84.5333,61.57,44,0,5.75,US,2022-11-10 04:06:41
110,Bell Ville,-32.6259,-62.6887,67.66,36,2,11.9,AR,2022-11-10 04:08:03
111,Hilo,19.7297,-155.09,73.26,88,75,4.61,US,2022-11-10 04:06:49
112,Kariba,-16.5167,28.8,73.85,64,95,3.96,ZW,2022-11-10 04:08:04
113,Khandyga,62.6667,135.6,-12.08,94,100,2.73,RU,2022-11-10 04:08:04
114,Tateyama,34.9833,139.8667,73.09,55,3,19.69,JP,2022-11-10 04:08:05
115,Srednekolymsk,67.45,153.6833,-2.49,98,100,3.31,RU,2022-11-10 04:08:06
116,Coronel,-37.0167,-73.1333,57.22,91,20,9.04,CL,2022-11-10 04:08:06
117,Tuktoyaktuk,69.4541,-133.0374,18.91,92,97,10.49,CA,2022-11-10 04:08:06
118,Kununurra,-15.7667,128.7333,102.18,30,21,6.91,AU,2022-11-10 04:08:07
119,Noumea,-22.2763,166.4572,76.98,76,89,10.18,NC,2022-11-10 04:08:07
120,Butaritari,3.0707,172.7902,81.95,72,100,18.3,KI,2022-11-10 04:06:17
121,Kahului,20.8947,-156.47,80.62,70,20,10.36,US,2022-11-10 04:07:47
122,Dikson,73.5069,80.5464,-3.26,99,49,10.83,RU,2022-11-10 04:08:08
123,Faanui,-16.4833,-151.75,79.27,78,99,14.7,PF,2022-11-10 04:08:09
124,Paamiut,61.994,-49.6678,18.03,76,100,6.93,GL,2022-11-10 04:05:40
125,Ranau,5.9538,116.6641,84.6,65,100,2.57,MY,2022-11-10 04:08:09
126,Roald,62.5833,6.1333,51.75,81,100,8.05,NO,2022-11-10 04:08:10
127,Esperance,-33.8667,121.9,72.32,52,92,5.88,AU,2022-11-10 04:08:10
128,Boa Vista,2.8197,-60.6733,75.18,94,20,4.61,BR,2022-11-10 04:08:11
129,Raymond,43.9015,-70.4703,47.12,77,7,7.7,US,2022-11-10 04:08:11
130,Chuy,-33.6971,-53.4616,56.86,95,57,6.13,UY,2022-11-10 04:08:12
131,Lumeje,-11.55,20.7833,64.63,95,100,7.31,AO,2022-11-10 04:08:13
132,Zemio,5.0314,25.1361,67.86,90,100,1.97,CF,2022-11-10 04:08:13
133,Nikolskoye,59.7035,30.7861,49.91,94,100,8.66,RU,2022-11-10 04:08:14
134,Barao De Melgaco,-16.1944,-55.9675,76.33,36,4,3.56,BR,2022-11-10 04:08:14
135,La Ronge,55.1001,-105.2842,1.18,96,80,4.92,CA,2022-11-10 04:08:15
136,Saurimo,-9.6608,20.3916,63.55,99,100,2.51,AO,2022-11-10 04:08:15
137,Guerrero Negro,27.9769,-114.0611,64.94,67,100,17.02,MX,2022-11-10 04:08:16
138,Wencheng,33.0559,113.7978,72.23,50,0,5.95,CN,2022-11-10 04:08:16
139,Amstetten,48.1229,14.8721,52.16,82,100,1.9,AT,2022-11-10 04:08:16
140,Mount Gambier,-37.8333,140.7667,72.82,61,100,9.93,AU,2022-11-10 04:08:17
141,Bengkulu,-3.8004,102.2655,80.92,77,99,3.44,ID,2022-11-10 04:08:17
142,Belmonte,-15.8631,-38.8828,73.26,90,98,2.57,BR,2022-11-10 04:08:18
143,Emerald,-23.5333,148.1667,81.34,39,100,9.44,AU,2022-11-10 04:04:07
144,Bethel,41.3712,-73.414,49.57,85,0,1.99,US,2022-11-10 04:06:22
145,Saint-Philippe,-21.3585,55.7679,76.59,67,46,7.49,RE,2022-11-10 04:08:18
146,Oistins,13.0667,-59.5333,79.79,80,100,13.38,BB,2022-11-10 04:08:19
147,Atambua,-9.1061,124.8925,85.41,61,75,3.42,ID,2022-11-10 04:08:19
148,Vostok,46.4856,135.8833,29.41,38,0,14.05,RU,2022-11-10 04:08:20
149,Kokhma,56.9349,41.0915,41.88,95,96,8.32,RU,2022-11-10 04:08:20
150,Morondava,-20.2833,44.2833,79.77,72,97,3.78,MG,2022-11-10 04:08:21
151,Antigonish,45.6169,-61.9986,39.81,79,100,3.0,CA,2022-11-10 04:08:21
152,Camocim,-2.9022,-40.8411,75.96,85,58,7.81,BR,2022-11-10 04:08:22
153,Okahandja,-21.9833,16.9167,60.37,52,0,2.66,NA,2022-11-10 04:08:22
154,San Pedro,14.35,121.0167,90.36,67,60,8.68,PH,2022-11-10 04:08:23
155,College,64.8569,-147.8028,17.92,88,40,0.0,US,2022-11-10 04:08:23
156,Sawakin,19.1059,37.3321,80.94,77,54,6.53,SD,2022-11-10 04:08:23
157,Pangnirtung,66.1451,-65.7125,1.08,96,100,1.01,CA,2022-11-10 04:08:24
158,Zalesovo,53.9939,84.7431,28.06,91,100,12.5,RU,2022-11-10 04:08:24
159,Puri,19.8,85.85,81.12,56,31,9.06,IN,2022-11-10 04:08:25
160,Mackenzie,55.2999,-123.1698,0.7,98,50,0.72,CA,2022-11-10 04:08:25
161,Cremlingen,52.25,10.65,52.84,77,31,9.22,DE,2022-11-10 04:08:25
162,Klaksvik,62.2266,-6.589,49.12,97,97,26.64,FO,2022-11-10 04:08:26
163,Lebu,-37.6167,-73.65,54.34,83,67,17.18,CL,2022-11-10 04:06:27
164,Zaraza,9.3503,-65.3245,73.33,97,98,2.91,VE,2022-11-10 04:08:26
165,Victoria,22.2855,114.1577,82.04,75,11,5.01,HK,2022-11-10 04:05:28
166,Tete,-16.1564,33.5867,79.68,64,100,3.83,MZ,2022-11-10 04:08:27
167,Belgrade,44.804,20.4651,46.42,98,11,2.3,RS,2022-11-10 04:06:02
168,Buchanan,5.8808,-10.0467,75.92,89,17,5.75,LR,2022-11-10 04:05:21
169,Qiqihar,47.3408,123.9672,39.81,23,78,5.5,CN,2022-11-10 04:08:28
170,Ravar,31.2656,56.8055,58.23,38,100,0.6,IR,2022-11-10 04:08:28
171,Ust-Omchug,61.15,149.6333,-11.78,97,56,4.56,RU,2022-11-10 04:08:29
172,Quelimane,-17.8786,36.8883,79.07,83,99,3.09,MZ,2022-11-10 04:08:29
173,Umm Lajj,25.0213,37.2685,72.07,60,0,9.13,SA,2022-11-10 04:08:29
174,Vardo,70.3705,31.1107,39.18,81,100,14.97,NO,2022-11-10 04:08:30
175,Leh,34.1667,77.5833,28.4,71,92,6.38,IN,2022-11-10 04:08:30
176,Pimenta Bueno,-11.6725,-61.1936,74.62,53,4,1.83,BR,2022-11-10 04:08:31
177,Dzerzhinskoye,56.8344,95.2283,28.51,71,97,10.83,RU,2022-11-10 04:08:31
178,Pindiga,9.9833,10.9333,70.45,31,77,4.43,NG,2022-11-10 04:08:31
179,Churapcha,62.0025,132.4325,-0.18,91,100,4.56,RU,2022-11-10 04:08:32
180,Gizo,-8.103,156.8419,83.37,74,100,5.86,SB,2022-11-10 04:08:32
181,Padilla,3.2204,-76.3139,65.77,96,100,1.52,CO,2022-11-10 04:08:33
182,Lovozero,68.005,35.0117,30.54,92,99,4.29,RU,2022-11-10 04:08:33
183,Bay Roberts,47.5999,-53.2648,35.33,65,51,5.99,CA,2022-11-10 04:08:34
184,Zhigalovo,54.8097,105.1578,24.24,78,91,3.8,RU,2022-11-10 04:08:34
185,Santa Lucia,27.9117,-15.5407,61.92,78,40,12.66,ES,2022-11-10 04:03:57
186,Nouadhibou,20.931,-17.0347,69.3,76,45,10.18,MR,2022-11-10 04:08:34
187,Nome,64.5011,-165.4064,33.87,76,100,8.05,US,2022-11-10 04:04:19
188,Banamba,13.55,-7.45,69.66,17,6,8.46,ML,2022-11-10 04:08:35
189,Payo,-3.7508,103.6372,75.36,95,100,1.97,ID,2022-11-10 04:08:35
190,Zverinogolovskoye,54.4586,64.8542,30.72,97,99,11.07,RU,2022-11-10 04:08:36
191,Beidao,34.5686,105.8933,59.47,76,98,4.59,CN,2022-11-10 04:08:36
192,Saint-Augustin,51.226,-58.6502,29.46,35,81,8.32,CA,2022-11-10 04:08:36
193,Shaoguan,24.8,113.5833,84.04,54,45,0.25,CN,2022-11-10 04:08:37
194,Billings,45.7833,-108.5007,12.67,85,100,3.44,US,2022-11-10 04:08:14
195,Sao Filipe,14.8961,-24.4956,77.45,66,100,9.31,CV,2022-11-10 04:08:37
196,Camacha,33.0833,-16.3333,63.82,77,20,3.44,PT,2022-11-10 04:08:38
197,Kayes,14.0,-11.0,72.41,17,0,2.3,ML,2022-11-10 04:08:38
198,Qaqortoq,60.7167,-46.0333,25.25,89,100,3.33,GL,2022-11-10 04:08:39
199,Arraial Do Cabo,-22.9661,-42.0278,70.43,88,100,17.87,BR,2022-11-10 04:08:39
200,Durham,36.0335,-78.8664,58.68,74,75,9.22,US,2022-11-10 04:04:18
201,Port Lincoln,-34.7333,135.8667,64.87,68,100,14.43,AU,2022-11-10 04:08:40
202,Eureka,40.8021,-124.1637,43.93,96,4,4.09,US,2022-11-10 04:08:40
203,Avarua,-21.2078,-159.775,73.45,83,75,13.8,CK,2022-11-10 04:06:23
204,Leningradskiy,69.3833,178.4167,0.03,86,100,4.23,RU,2022-11-10 04:08:40
205,Codrington,-38.2667,141.9667,72.19,80,96,16.75,AU,2022-11-10 04:08:41
206,Bambous Virieux,-20.3428,57.7575,78.22,65,20,6.91,MU,2022-11-10 04:08:41
207,Saskylakh,71.9167,114.0833,-13.07,96,97,6.4,RU,2022-11-10 04:08:41
208,Iqaluit,63.7506,-68.5145,0.55,97,98,9.28,CA,2022-11-10 04:08:42
209,Havre-Saint-Pierre,50.2334,-63.5986,34.16,75,100,6.91,CA,2022-11-10 04:08:42
210,Ourossogui,15.6064,-13.3211,79.56,15,0,9.19,SN,2022-11-10 04:08:42
211,New Norfolk,-42.7826,147.0587,82.92,32,68,5.99,AU,2022-11-10 04:08:43
212,Buraydah,26.326,43.975,64.78,42,97,5.08,SA,2022-11-10 04:04:14
213,Tocopilla,-22.092,-70.1979,63.63,63,7,1.1,CL,2022-11-10 04:08:39
214,Bandarbeyla,9.4942,50.8122,81.07,73,22,13.33,SO,2022-11-10 04:08:44
215,Merauke,-8.4667,140.3333,88.12,64,49,12.17,ID,2022-11-10 04:08:44
216,Daru,-9.0763,143.2092,84.94,63,17,13.53,PG,2022-11-10 04:08:44
217,Terrace Bay,48.7834,-87.1,41.02,93,100,7.14,CA,2022-11-10 04:08:45
218,Nuuk,64.1835,-51.7216,18.21,73,75,6.91,GL,2022-11-10 04:08:45
219,Tokat,40.4167,36.5833,36.3,89,100,2.55,TR,2022-11-10 04:08:45
220,Ushtobe,45.2514,77.9838,38.05,61,56,1.63,KZ,2022-11-10 04:08:46
221,Zyryanka,65.75,150.85,0.07,97,100,6.04,RU,2022-11-10 04:08:46
222,Xuddur,4.1213,43.8894,72.36,88,94,13.62,SO,2022-11-10 04:08:46
223,Torbay,47.6666,-52.7314,34.57,72,98,3.0,CA,2022-11-10 04:08:47
224,Fairview,40.8126,-73.999,51.22,75,0,5.01,US,2022-11-10 04:08:47
225,Peniche,39.3558,-9.3811,58.44,97,1,3.96,PT,2022-11-10 04:08:48
226,Ramtek,21.4,79.3333,74.16,47,0,4.29,IN,2022-11-10 04:08:48
227,Mangrol,21.1167,70.1167,82.8,44,4,10.33,IN,2022-11-10 04:08:48
228,Pacific Grove,36.6177,-121.9166,51.42,85,40,3.44,US,2022-11-10 04:08:49
229,Marawi,7.9986,124.2928,79.41,74,64,6.64,PH,2022-11-10 04:08:49
230,Shakiso,5.75,38.9167,57.97,94,95,2.55,ET,2022-11-10 04:08:49
231,Chateau-Thierry,49.05,3.4,42.37,92,3,5.73,FR,2022-11-10 04:08:50
232,Kaeo,-35.1,173.7833,66.33,90,82,14.12,NZ,2022-11-10 04:08:50
233,Kuala Terengganu,5.3302,103.1408,80.74,80,100,6.85,MY,2022-11-10 04:08:50
234,Clyde River,70.4692,-68.5914,1.63,78,75,19.57,CA,2022-11-10 04:06:21
235,San Patricio,28.017,-97.5169,77.9,79,15,8.12,US,2022-11-10 04:08:51
236,Te Anau,-45.4167,167.7167,66.0,36,0,2.59,NZ,2022-11-10 04:08:51
237,Arlit,18.7369,7.3853,69.93,20,0,7.34,NE,2022-11-10 04:08:52
238,Vanimo,-2.6741,141.3028,82.9,84,88,7.18,PG,2022-11-10 04:08:52
239,Asyut,27.181,31.1837,61.09,64,0,6.24,EG,2022-11-10 04:05:37
240,Beringovskiy,63.05,179.3167,15.31,95,95,4.45,RU,2022-11-10 04:08:53
241,Husavik,66.0449,-17.3389,41.34,99,100,10.13,IS,2022-11-10 04:08:53
242,Maceio,-9.6658,-35.7353,72.84,94,20,4.61,BR,2022-11-10 04:08:54
243,Gravdal,68.1214,13.5031,36.36,61,30,8.9,NO,2022-11-10 04:08:54
244,Kidal,18.4411,1.4078,68.9,15,13,10.69,ML,2022-11-10 04:08:54
245,Genhe,50.7833,121.5167,24.82,57,99,3.04,CN,2022-11-10 04:08:55
246,Zabid,14.1951,43.3152,80.01,68,0,2.64,YE,2022-11-10 04:08:55
247,Albury,-36.0833,146.9167,79.14,58,68,9.69,AU,2022-11-10 04:05:37
248,Storforshei,66.4043,14.5233,33.58,64,75,12.66,NO,2022-11-10 04:08:56
249,Chipata,-13.6333,32.65,70.43,56,86,3.0,ZM,2022-11-10 04:08:56
250,Akyab,20.15,92.9,80.87,56,38,4.32,MM,2022-11-10 04:08:56
251,Tasiilaq,65.6145,-37.6368,32.16,75,100,8.77,GL,2022-11-10 04:08:57
252,Sola,-13.8833,167.55,82.08,74,47,8.68,VU,2022-11-10 04:08:57
253,Narsaq,60.9167,-46.05,32.22,86,100,2.37,GL,2022-11-10 04:08:57
254,Great Yarmouth,52.6083,1.7305,49.41,87,16,18.39,GB,2022-11-10 04:08:58
255,Sanguem,15.2333,74.1667,81.97,51,8,7.52,IN,2022-11-10 04:08:58
256,Pyaozerskiy,65.8333,31.1667,33.28,98,100,5.99,RU,2022-11-10 04:08:59
257,Zhigansk,66.7697,123.3711,-5.3,97,100,13.27,RU,2022-11-10 04:08:59
258,Guspini,39.5406,8.6294,59.72,70,100,0.72,IT,2022-11-10 04:08:59
259,Igrim,63.1906,64.4162,21.38,95,100,4.09,RU,2022-11-10 04:09:00
260,Ketchikan,55.3422,-131.6461,34.27,44,100,5.75,US,2022-11-10 04:09:00
261,Arroyo,41.6096,-4.7969,42.84,93,100,2.3,ES,2022-11-10 04:09:01
262,Barsi,18.2333,75.7,76.28,41,6,12.48,IN,2022-11-10 04:09:01
263,Kotovo,50.3211,44.8012,33.91,95,25,6.71,RU,2022-11-10 04:09:01
264,Lazaro Cardenas,17.9583,-102.2,77.2,86,6,1.99,MX,2022-11-10 04:09:02
265,Port Elizabeth,-33.918,25.5701,58.1,69,89,8.77,ZA,2022-11-10 04:09:03
266,Tuatapere,-46.1333,167.6833,65.84,43,0,7.54,NZ,2022-11-10 04:09:03
267,Anito,12.4497,125.2886,82.58,78,97,5.64,PH,2022-11-10 04:09:04
268,Folldal,62.1325,9.9968,34.81,93,99,4.34,NO,2022-11-10 04:09:04
269,Urla,38.3229,26.764,52.2,76,0,7.58,TR,2022-11-10 04:09:04
270,San Quintin,30.4833,-115.95,60.46,62,0,14.76,MX,2022-11-10 04:09:05
271,Vestnes,62.6264,7.0884,50.7,76,84,7.94,NO,2022-11-10 04:09:05
272,Sarkand,45.41,79.9186,34.5,62,100,1.81,KZ,2022-11-10 04:09:06
273,Carnarvon,-24.8667,113.6333,70.83,56,86,15.86,AU,2022-11-10 04:09:06
274,Dhidhdhoo,6.8833,73.1,81.36,72,100,3.69,MV,2022-11-10 04:09:06
275,Birjand,32.8663,59.2211,43.27,45,20,6.91,IR,2022-11-10 04:09:07
276,Kodiak,57.79,-152.4072,38.71,81,100,17.27,US,2022-11-10 04:09:08
277,Anloga,5.7947,0.8973,81.12,79,95,12.21,GH,2022-11-10 04:09:08
278,Sorland,67.667,12.6934,39.06,65,72,11.21,NO,2022-11-10 04:09:08
279,Remedios,22.4947,-79.5458,72.52,92,17,7.45,CU,2022-11-10 04:09:09
280,Salto De Pirapora,-23.6489,-47.5733,58.53,88,18,5.44,BR,2022-11-10 04:09:09
281,Rovaniemi,66.5,25.7167,29.61,100,100,6.91,FI,2022-11-10 04:09:09
282,Geraldton,-28.7667,114.6,72.01,53,40,13.8,AU,2022-11-10 04:09:10
283,Slave Lake,55.2834,-114.769,2.32,96,23,6.6,CA,2022-11-10 04:09:10
284,Suna,57.8338,50.0588,36.55,99,100,7.4,RU,2022-11-10 04:09:11
285,Brae,60.3964,-1.353,51.03,94,100,25.28,GB,2022-11-10 04:09:11
286,Los Llanos De Aridane,28.6585,-17.9182,65.95,77,0,9.22,ES,2022-11-10 04:06:02
287,Cidreira,-30.1811,-50.2056,62.55,87,1,2.77,BR,2022-11-10 04:06:13
288,Valparaiso,-33.0393,-71.6273,47.84,93,0,4.61,CL,2022-11-10 04:08:34
289,Birao,10.2849,22.7882,67.87,31,74,6.73,CF,2022-11-10 04:09:12
290,Tiksi,71.6872,128.8694,-7.46,93,100,8.34,RU,2022-11-10 04:09:12
291,Lensk,60.7253,114.9278,21.02,89,100,13.73,RU,2022-11-10 04:09:13
292,Seymchan,62.8833,152.4333,-12.96,99,64,0.83,RU,2022-11-10 04:07:54
293,Sitka,57.0531,-135.33,35.49,75,100,13.8,US,2022-11-10 04:06:30
294,Oranjemund,-28.55,16.4333,57.04,92,9,10.02,NA,2022-11-10 04:09:14
295,Jaisinghnagar,23.7,81.3833,74.1,50,0,2.84,IN,2022-11-10 04:09:15
296,Terney,45.0503,136.6092,42.1,30,12,11.16,RU,2022-11-10 04:09:15
297,Boende,-0.2167,20.8667,67.59,99,94,1.14,CD,2022-11-10 04:09:16
298,Auki,-8.7676,160.7034,82.0,82,91,6.31,SB,2022-11-10 04:09:16
299,Bolshaya Glushitsa,50.2406,43.5908,34.95,94,41,6.13,RU,2022-11-10 04:09:16
300,Malanje,-9.5402,16.341,62.83,98,100,3.89,AO,2022-11-10 04:09:17
301,Rio Claro,-22.4114,-47.5614,64.85,79,63,2.33,BR,2022-11-10 04:09:17
302,Ariquemes,-9.9133,-63.0408,77.18,67,64,1.68,BR,2022-11-10 04:09:18
303,Totness,5.8833,-56.3167,76.98,89,99,5.23,SR,2022-11-10 04:09:18
304,Honningsvag,70.9821,25.9704,35.35,64,100,9.22,NO,2022-11-10 04:09:18
305,Mehamn,71.0357,27.8492,33.75,80,75,10.36,NO,2022-11-10 04:09:19
306,Montanha,-18.1269,-40.3633,68.54,95,43,4.18,BR,2022-11-10 04:09:19
307,Pisco,-13.7,-76.2167,60.85,82,0,2.3,PE,2022-11-10 04:06:15
308,Saint-Joseph,-21.3667,55.6167,78.48,67,51,7.58,RE,2022-11-10 04:09:20
309,Pedernales,18.0384,-71.744,77.04,77,8,3.4,DO,2022-11-10 04:09:20
310,Bathsheba,13.2167,-59.5167,79.75,82,100,13.09,BB,2022-11-10 04:06:14
311,Carroll,39.5501,-77.0164,47.5,80,0,3.0,US,2022-11-10 04:09:21
312,Sandwick,60.0,-1.25,51.62,93,100,20.71,GB,2022-11-10 04:09:22
313,Newport,51.5877,-2.9984,55.94,86,84,17.4,GB,2022-11-10 04:05:48
314,Flinders,-34.5833,150.8552,73.06,66,33,14.97,AU,2022-11-10 04:09:22
315,Araouane,18.9048,-3.5265,71.1,14,17,7.4,ML,2022-11-10 04:09:23
316,Dahanu,19.9667,72.7333,81.09,45,5,6.13,IN,2022-11-10 04:09:23
317,Santo Amaro Da Imperatriz,-27.6881,-48.7786,66.02,96,19,3.2,BR,2022-11-10 04:09:23
318,Cayenne,4.9333,-52.3333,75.24,94,75,0.0,GF,2022-11-10 04:07:07
319,Chumikan,54.7183,135.315,22.23,74,21,19.44,RU,2022-11-10 04:09:24
320,Ostrovskoye,57.8057,42.2433,43.86,96,100,7.99,RU,2022-11-10 04:09:24
321,Ngunguru,-35.6167,174.5,63.28,90,90,20.29,NZ,2022-11-10 04:09:25
322,Pevek,69.7008,170.3133,-5.51,99,100,3.09,RU,2022-11-10 04:09:25
323,Westerly,41.3776,-71.8273,51.66,80,20,12.66,US,2022-11-10 04:09:26
324,Sinop,41.7711,34.8709,40.77,78,13,2.33,TR,2022-11-10 04:09:26
325,Porto De Moz,-1.7483,-52.2383,75.15,83,71,2.84,BR,2022-11-10 04:09:27
326,Santa Isabel Do Rio Negro,-0.4139,-65.0192,73.54,98,100,2.91,BR,2022-11-10 04:09:27
327,Deputatskiy,69.3,139.9,-10.8,95,100,4.38,RU,2022-11-10 04:09:28
328,Urumqi,43.801,87.6005,34.75,75,0,2.24,CN,2022-11-10 04:09:28
329,Rocha,-34.4833,-54.3333,53.85,97,64,5.88,UY,2022-11-10 04:09:29
330,Kudahuvadhoo,2.6708,72.8944,80.33,78,100,12.55,MV,2022-11-10 04:04:49
331,Agadir,30.4202,-9.5982,55.85,55,0,5.86,MA,2022-11-10 04:05:56
332,Dargaville,-35.9333,173.8833,68.47,72,86,15.66,NZ,2022-11-10 04:09:29
333,Sao Desiderio,-12.3633,-44.9733,69.6,86,29,3.58,BR,2022-11-10 04:09:30
334,Katsuura,35.1333,140.3,69.62,54,3,18.3,JP,2022-11-10 04:09:30
335,Havoysund,70.9963,24.6622,35.83,81,14,14.83,NO,2022-11-10 04:09:31
336,Lasa,46.6166,10.7002,43.36,99,100,4.47,IT,2022-11-10 04:09:31
337,Tilichiki,60.4667,166.1,6.57,92,16,5.93,RU,2022-11-10 04:09:32
338,Oussouye,12.485,-16.5469,76.93,78,3,6.62,SN,2022-11-10 04:09:32
339,Camana,-16.6228,-72.7111,64.98,85,3,6.73,PE,2022-11-10 04:09:32
340,Yumbe,3.4651,31.2469,63.86,97,100,3.31,UG,2022-11-10 04:09:33
341,Hovd,48.0056,91.6419,27.37,27,20,2.98,MN,2022-11-10 04:09:33
342,Vila Velha,-20.3297,-40.2925,71.55,92,0,3.44,BR,2022-11-10 04:09:34
343,Cockburn Town,21.4612,-71.1419,81.54,78,3,13.58,TC,2022-11-10 04:09:34
344,Mayo,38.8876,-76.5119,53.55,86,0,0.0,US,2022-11-10 04:06:54
345,Ulladulla,-35.35,150.4667,69.91,58,3,17.25,AU,2022-11-10 04:09:34
346,Ostersund,63.1792,14.6357,34.25,100,100,3.44,SE,2022-11-10 04:07:47
347,Watsa,3.0372,29.5355,63.32,99,100,1.1,CD,2022-11-10 04:09:35
348,Meulaboh,4.1363,96.1285,83.77,72,63,3.78,ID,2022-11-10 04:09:35
349,Oneonta,42.4529,-75.0638,42.06,66,0,6.2,US,2022-11-10 04:09:36
350,Waw,7.7029,27.9953,73.22,63,89,0.31,SS,2022-11-10 04:09:36
351,Richards Bay,-28.783,32.0377,69.8,91,98,13.06,ZA,2022-11-10 04:09:37
352,Tecoanapa,16.5167,-98.75,78.35,84,12,3.8,MX,2022-11-10 04:09:37
353,Comodoro Rivadavia,-45.8667,-67.5,60.66,39,0,6.91,AR,2022-11-10 04:09:37
354,Springbok,-29.6643,17.8865,50.58,61,0,3.4,ZA,2022-11-10 04:09:38
355,Riyadh,24.6877,46.7219,64.54,20,99,7.4,SA,2022-11-10 04:09:38
356,Abu Zabad,12.35,29.25,66.88,29,3,9.35,SD,2022-11-10 04:09:39
357,Lentvaris,54.65,25.05,45.1,95,40,9.22,LT,2022-11-10 04:09:39
358,Kavieng,-2.5744,150.7967,84.81,68,66,5.5,PG,2022-11-10 04:09:39
359,Karema,-6.8205,30.4389,72.34,82,100,4.9,TZ,2022-11-10 04:09:40
360,Megion,61.0296,76.1136,28.42,97,98,1.14,RU,2022-11-10 04:09:40
361,Talnakh,69.4865,88.3972,4.21,99,100,8.14,RU,2022-11-10 04:09:41
362,Poltavka,54.3663,71.7632,28.6,90,100,13.06,RU,2022-11-10 04:09:41
363,Jasper,37.2001,-94.3502,70.9,74,0,11.5,US,2022-11-10 04:09:41
364,Tambovka,50.0969,128.0489,34.14,31,0,8.28,RU,2022-11-10 04:09:42
365,Foshan,23.0268,113.1315,80.64,52,0,2.42,CN,2022-11-10 04:09:42
366,Anadyr,64.75,177.4833,14.5,92,75,6.71,RU,2022-11-10 04:09:42
367,Rahimatpur,17.6,74.2,73.47,47,5,9.84,IN,2022-11-10 04:09:43
368,Magadan,59.5667,150.8,6.53,70,99,10.8,RU,2022-11-10 04:09:43
369,Puerto Montt,-41.4698,-72.9447,52.63,100,100,0.0,CL,2022-11-10 04:09:43
370,Belaya Gora,68.5333,146.4167,-23.33,99,27,3.58,RU,2022-11-10 04:04:50
371,Bambanglipuro,-7.95,110.2833,81.82,74,93,3.8,ID,2022-11-10 04:06:04
372,Acapulco,16.8634,-99.8901,80.42,89,75,3.44,MX,2022-11-10 04:07:52
373,Luanda,-8.8368,13.2343,75.0,77,98,8.01,AO,2022-11-10 04:09:44
374,Nishihara,26.1842,127.7558,74.86,91,100,13.8,JP,2022-11-10 04:09:45
375,Bazaliya,49.7127,26.4733,41.72,94,41,7.36,UA,2022-11-10 04:09:45
376,Yumen,40.2833,97.2,38.97,40,100,16.75,CN,2022-11-10 04:09:45
377,Hit,33.6416,42.8251,62.76,42,8,2.66,IQ,2022-11-10 04:09:46
378,Monywa,22.1167,95.1333,81.16,55,6,7.45,MM,2022-11-10 04:09:46
379,Binzhou,37.3667,118.0167,64.2,62,100,3.33,CN,2022-11-10 04:09:47
380,Palembang,-2.9167,104.7458,82.49,74,20,3.44,ID,2022-11-10 04:09:47
381,Timiryazevskiy,56.49,84.8769,28.92,94,100,10.36,RU,2022-11-10 04:09:48
382,Keti Bandar,24.1447,67.4497,81.54,59,0,7.43,PK,2022-11-10 04:09:48
383,Hambantota,6.1241,81.1185,79.14,100,75,2.3,LK,2022-11-10 04:09:48
384,Valdivia,-39.8142,-73.2459,53.69,100,99,1.39,CL,2022-11-10 04:09:49
385,Port-Gentil,-0.7193,8.7815,75.87,92,100,7.76,GA,2022-11-10 04:09:49
386,Vestmannaeyjar,63.4427,-20.2734,43.77,80,100,13.02,IS,2022-11-10 04:09:50
387,San Martin,-33.081,-68.4681,77.54,62,1,24.81,AR,2022-11-10 04:05:02
388,Neuquen,-38.9516,-68.0591,62.49,77,40,12.66,AR,2022-11-10 04:09:50
389,Aden,12.7794,45.0367,79.95,80,0,20.58,YE,2022-11-10 04:09:51
390,Aransas Pass,27.9095,-97.15,78.03,100,0,8.05,US,2022-11-10 04:09:51
391,Batagay-Alyta,67.8006,130.4114,-12.26,89,87,1.83,RU,2022-11-10 04:09:52
392,Eyl,7.9803,49.8164,79.97,74,71,12.93,SO,2022-11-10 04:09:52
393,Kawambwa,-9.7915,29.0791,62.96,92,100,2.55,ZM,2022-11-10 04:09:52
394,Sayyan,15.1718,44.3244,55.53,32,2,3.15,YE,2022-11-10 04:09:53
395,Sur,22.5667,59.5289,82.63,48,0,2.17,OM,2022-11-10 04:06:12
396,Imbituba,-28.24,-48.6703,60.42,92,25,5.68,BR,2022-11-10 04:09:53
397,Ratnagiri,16.9833,73.3,80.96,46,6,10.22,IN,2022-11-10 04:09:54
398,Lavrentiya,65.5833,-171.0,21.85,74,100,3.78,RU,2022-11-10 04:09:54
399,Saint George,37.1041,-113.5841,45.19,68,0,1.01,US,2022-11-10 04:02:37
400,Tanabe,33.7333,135.3667,69.42,59,62,5.61,JP,2022-11-10 04:09:55
401,Muvattupula,9.9667,76.5833,83.95,65,71,1.28,IN,2022-11-10 04:09:55
402,Salalah,17.0151,54.0924,78.89,53,0,4.61,OM,2022-11-10 04:08:06
403,Alofi,-19.0595,-169.9187,77.2,78,96,21.25,NU,2022-11-10 04:09:55
404,Kuah,6.3265,99.8432,87.1,71,92,11.3,MY,2022-11-10 04:09:56
405,Houston,29.7633,-95.3633,73.09,83,0,8.05,US,2022-11-10 04:09:56
406,Westport,41.1415,-73.3579,50.83,76,0,11.99,US,2022-11-10 04:09:57
407,Palauig,15.435,119.9045,85.55,69,87,6.11,PH,2022-11-10 04:09:57
408,Broome,42.2506,-75.833,43.59,65,0,8.05,US,2022-11-10 04:09:58
409,Aloleng,16.1307,119.7824,86.31,64,79,3.13,PH,2022-11-10 04:09:58
410,Port Hardy,50.6996,-127.4199,34.47,74,30,1.28,CA,2022-11-10 04:06:11
411,Brufut,13.3814,-16.7518,73.49,100,0,3.44,GM,2022-11-10 04:09:58
412,Tezu,27.9167,96.1667,78.22,41,0,3.33,IN,2022-11-10 04:09:59
413,Asau,46.4333,26.4,40.28,84,52,4.68,RO,2022-11-10 04:09:59
414,Ghanzi,-21.5667,21.7833,73.0,39,5,10.27,BW,2022-11-10 04:10:00
415,Rio Gallegos,-51.6226,-69.2181,35.65,64,20,9.22,AR,2022-11-10 04:10:00
416,Aquiraz,-3.9014,-38.3911,80.69,76,100,9.01,BR,2022-11-10 04:10:01
417,Cherskiy,68.75,161.3,-3.03,97,100,8.59,RU,2022-11-10 04:10:01
418,Narrabri,-30.3167,149.7833,81.52,38,20,1.99,AU,2022-11-10 04:10:05
419,Price,39.5994,-110.8107,27.66,93,75,0.0,US,2022-11-10 04:10:05
420,Beloha,-25.1667,45.05,78.06,65,1,1.86,MG,2022-11-10 04:10:09
421,Maragogi,-9.0122,-35.2225,74.89,83,49,3.78,BR,2022-11-10 04:10:09
422,Liepaja,56.5419,21.0367,53.58,94,100,10.36,LV,2022-11-10 04:10:10
423,Antsla,57.8256,26.5406,46.83,94,100,6.87,EE,2022-11-10 04:10:10
424,Puerto Escondido,15.85,-97.0667,79.63,69,75,6.91,MX,2022-11-10 04:10:11
425,Mareeba,-17.0,145.4333,84.43,57,89,7.94,AU,2022-11-10 04:10:11
426,Iranshahr,27.2025,60.6848,73.89,45,3,1.99,IR,2022-11-10 04:10:12
427,Kemin,42.7846,75.6892,38.52,48,13,4.61,KG,2022-11-10 04:10:12
428,Stromness,58.965,-3.296,51.87,90,100,15.99,GB,2022-11-10 04:10:13
429,Perth,-31.9333,115.8333,73.58,78,75,18.41,AU,2022-11-10 04:10:13
430,Amot,59.5714,7.9877,38.77,88,70,3.58,NO,2022-11-10 04:10:14
431,Kaka,37.3482,59.6143,44.17,52,5,5.48,TM,2022-11-10 04:10:14
432,Dingle,10.9995,122.6711,85.91,70,63,12.91,PH,2022-11-10 04:10:15
433,Baraki Barak,33.9675,68.9486,45.63,52,65,0.63,AF,2022-11-10 04:10:15
434,Cayhagan,9.6697,122.4256,84.85,70,100,9.73,PH,2022-11-10 04:10:16
435,Tangzhai,34.4328,116.5911,70.52,56,80,7.2,CN,2022-11-10 04:10:16
436,Olafsvik,64.8945,-23.7142,40.98,83,92,17.29,IS,2022-11-10 04:10:17
437,Muros,42.7762,-9.0603,59.09,95,90,7.54,ES,2022-11-10 04:10:17
438,Nenjiang,49.1833,125.2167,34.84,30,32,6.76,CN,2022-11-10 04:10:18
439,Morehead,37.2711,-87.1764,61.99,82,0,0.0,US,2022-11-10 04:05:36
440,Voskresensk,55.3125,38.6636,48.15,93,98,10.96,RU,2022-11-10 04:10:18
441,Laguna,38.421,-121.4238,50.05,84,0,8.05,US,2022-11-10 04:10:19
442,Kalmunai,7.4167,81.8167,75.43,87,100,8.3,LK,2022-11-10 04:10:20
443,Platonovka,52.7106,41.952,39.78,93,100,9.15,RU,2022-11-10 04:10:21
444,Amapa,1.0,-52.0,71.62,100,100,1.21,BR,2022-11-10 04:10:21
445,Uruzgan,32.8333,66.0,49.64,55,0,3.2,AF,2022-11-10 04:10:22
446,Pitiquito,30.7,-112.0833,62.85,71,1,1.25,MX,2022-11-10 04:07:11
447,Pilar,-9.5972,-35.9567,71.53,93,41,2.57,BR,2022-11-10 04:08:27
448,Mahiari,22.5922,88.2378,82.38,46,0,5.23,IN,2022-11-10 04:10:22
449,Ayan,56.45,138.1667,18.95,52,64,17.02,RU,2022-11-10 04:10:23
450,Menongue,-14.6585,17.691,64.89,66,87,2.64,AO,2022-11-10 04:10:24
451,Lorengau,-2.0226,147.2712,82.63,77,98,4.45,PG,2022-11-10 04:10:24
452,Shiyan,32.6475,110.7781,70.23,53,24,5.95,CN,2022-11-10 04:10:24
453,Opuwo,-18.0607,13.84,61.81,44,3,3.69,NA,2022-11-10 04:10:25
454,Laerdalsoyri,61.098,7.4816,45.19,97,100,6.22,NO,2022-11-10 04:10:26
455,Mossingen,48.4057,9.0542,48.09,88,70,2.8,DE,2022-11-10 04:10:26
456,Aklavik,68.2191,-135.0107,17.04,83,100,18.5,CA,2022-11-10 04:10:27
457,Port Hedland,-20.3167,118.5667,82.45,47,0,20.71,AU,2022-11-10 04:10:27
458,Gravelbourg,49.8834,-106.5512,5.27,93,100,6.64,CA,2022-11-10 04:10:27
459,Nizhnyaya Tavda,57.6731,66.1725,32.58,99,100,6.06,RU,2022-11-10 04:10:28
460,Sobolevo,54.4299,31.8996,43.63,94,100,11.79,RU,2022-11-10 04:10:28
461,Beyneu,45.3167,55.2,37.04,76,6,8.08,KZ,2022-11-10 04:10:29
462,Santa Rosa,14.3122,121.1114,91.11,67,66,10.09,PH,2022-11-10 04:10:29
463,Vancouver,49.2497,-123.1193,34.25,88,0,5.01,CA,2022-11-10 04:06:40
464,Guanica,17.9716,-66.908,77.11,80,96,6.26,PR,2022-11-10 04:10:30
465,San Carlos Park,26.4673,-81.8015,70.0,90,100,17.27,US,2022-11-10 04:10:30
466,Pathein,16.7833,94.7333,82.27,63,1,10.27,MM,2022-11-10 04:10:31
467,Axim,4.8699,-2.2405,77.67,85,81,8.37,GH,2022-11-10 04:10:31
468,Codajas,-3.8367,-62.0569,74.1,93,86,2.71,BR,2022-11-10 04:10:31
469,Goderich,43.7501,-81.7165,50.92,53,50,19.28,CA,2022-11-10 04:03:18
470,Hasaki,35.7333,140.8333,73.29,48,19,17.58,JP,2022-11-10 04:10:32
471,Gaoua,10.2992,-3.2508,72.19,40,1,3.47,BF,2022-11-10 04:10:32
472,Mogadishu,2.0371,45.3438,79.3,82,80,11.41,SO,2022-11-10 04:10:33
473,Maneadero,31.7167,-116.5667,58.1,76,0,8.01,MX,2022-11-10 04:10:33
474,Inhambane,-23.865,35.3833,76.32,89,18,4.79,MZ,2022-11-10 04:10:34
475,Jinchang,38.4953,102.1739,48.02,28,25,16.33,CN,2022-11-10 04:10:34
476,Lucapa,-8.4192,20.7447,64.98,98,100,2.59,AO,2022-11-10 04:10:34
477,Madang,-5.2246,145.7966,84.94,69,72,6.17,PG,2022-11-10 04:10:35
478,Portree,57.4129,-6.1942,54.52,95,100,28.25,GB,2022-11-10 04:10:35
479,Padang,-0.9492,100.3543,82.45,76,100,1.21,ID,2022-11-10 04:10:36
480,Ballina,-28.8667,153.5667,73.78,53,1,9.04,AU,2022-11-10 04:10:36
481,Malakal,9.5334,31.6605,71.15,30,76,5.19,SS,2022-11-10 04:10:37
482,Najran,17.4924,44.1277,67.33,28,0,2.1,SA,2022-11-10 04:10:37
483,Mananjary,-21.2167,48.3333,74.95,75,67,6.89,MG,2022-11-10 04:10:37
484,Erenhot,43.6475,111.9767,51.48,59,52,11.72,CN,2022-11-10 04:10:38
485,San Cristobal,7.7669,-72.225,64.58,98,100,1.77,VE,2022-11-10 04:10:38
486,Tessalit,20.1986,1.0114,68.92,16,55,8.21,ML,2022-11-10 04:10:39
487,Clarksville,36.5298,-87.3595,63.09,63,4,7.38,US,2022-11-10 04:10:09
488,Bilma,18.6853,12.9164,65.68,33,0,8.41,NE,2022-11-10 04:10:39
489,Grand Gaube,-20.0064,57.6608,78.39,61,6,7.0,MU,2022-11-10 04:10:40
490,Tutoia,-2.7619,-42.2744,77.97,83,43,10.4,BR,2022-11-10 04:10:40
491,Lima,-12.0432,-77.0282,61.9,81,0,9.22,PE,2022-11-10 04:10:40
492,Aykhal,66.0,111.5,14.4,95,100,11.14,RU,2022-11-10 04:10:41
493,Kuching,1.55,110.3333,91.13,84,40,3.44,MY,2022-11-10 04:10:41
494,Qinhuangdao,39.9317,119.5883,53.29,84,100,8.03,CN,2022-11-10 04:09:29
495,Mabaruma,8.2,-59.7833,72.73,99,97,3.06,GY,2022-11-10 04:10:41
496,Belyy Yar,53.6039,91.3903,29.86,72,0,8.95,RU,2022-11-10 04:10:42
497,Voh,-20.9667,164.7,76.95,70,82,11.95,NC,2022-11-10 04:10:42
498,Si Bun Ruang,16.9667,102.2833,81.09,54,100,4.18,TH,2022-11-10 04:10:43
499,Mattoon,39.4831,-88.3728,63.46,42,0,8.05,US,2022-11-10 04:10:43
500,Red Wing,44.5625,-92.5338,66.29,84,0,11.5,US,2022-11-10 04:10:43
501,Acarau,-2.8856,-40.12,77.63,81,99,11.21,BR,2022-11-10 04:10:44
502,Victor Harbor,-35.5667,138.6167,69.67,66,35,15.08,AU,2022-11-10 04:10:44
503,Margate,51.3813,1.3862,50.88,90,7,3.0,GB,2022-11-10 04:05:58
504,Parabel,58.6978,81.4825,26.62,92,99,9.46,RU,2022-11-10 04:10:45
505,Puerto Del Rosario,28.5004,-13.8627,71.35,73,75,16.11,ES,2022-11-10 04:10:45
506,Kysyl-Syr,63.8986,122.7617,8.73,94,100,4.74,RU,2022-11-10 04:10:46
507,Rioja,-29.4111,-66.8507,76.41,37,1,5.53,AR,2022-11-10 04:10:46
508,Abapo,-18.8333,-63.4667,66.54,65,79,3.04,BO,2022-11-10 04:10:47
509,Lagoa,39.05,-27.9833,67.86,86,73,25.48,PT,2022-11-10 04:10:47
510,Kadnikov,59.5022,40.338,43.23,96,100,7.9,RU,2022-11-10 04:10:47
511,Ponta Delgada,37.7333,-25.6667,70.5,94,75,17.27,PT,2022-11-10 04:10:48
512,Komsomolskiy,40.4272,71.7189,38.12,75,4,4.61,UZ,2022-11-10 04:10:48
513,Dunedin,-45.8742,170.5036,57.79,57,1,7.0,NZ,2022-11-10 04:10:49
514,Jaten,-7.5772,110.8975,86.81,64,47,6.53,ID,2022-11-10 04:10:49
515,Mackay,-21.15,149.2,81.68,62,92,15.03,AU,2022-11-10 04:10:49
516,Pakxan,18.3778,103.6601,86.56,39,100,2.75,LA,2022-11-10 04:10:50
517,Benjamin Hill,30.1667,-111.1,58.48,73,0,7.94,MX,2022-11-10 04:10:50
518,Durango,24.8333,-104.8333,59.68,45,0,6.64,MX,2022-11-10 04:07:06
519,Baoqing,46.3317,132.2111,39.07,26,0,11.34,CN,2022-11-10 04:10:51
520,Jumla,29.2747,82.1838,53.38,47,67,3.87,NP,2022-11-10 04:10:51
521,Rawson,-43.3002,-65.1023,67.89,54,100,14.85,AR,2022-11-10 04:10:52
522,Mporokoso,-9.3727,30.125,62.17,92,100,3.04,ZM,2022-11-10 04:10:52
523,Iquique,-20.2208,-70.1431,64.44,70,1,4.05,CL,2022-11-10 04:10:52
524,Emba,48.8264,58.1442,29.3,92,44,4.65,KZ,2022-11-10 04:10:53
525,Truro,50.2653,-5.0544,56.48,88,75,14.97,GB,2022-11-10 04:10:53
526,Ugoofaaru,5.6667,73.0,80.83,73,100,2.64,MV,2022-11-10 04:10:54
527,Barra Do Garcas,-15.89,-52.2567,78.89,60,85,2.33,BR,2022-11-10 04:10:54
528,Agnibilekrou,7.1344,-3.2047,69.85,98,100,2.84,CI,2022-11-10 04:10:54
529,Henties Bay,-22.116,14.2845,57.0,94,2,4.85,NA,2022-11-10 04:06:56
530,Cahokia,38.5709,-90.1901,72.05,75,0,6.91,US,2022-11-10 04:10:55
531,Killybegs,54.6333,-8.45,56.7,84,79,23.22,IE,2022-11-10 04:10:55
532,Yabelo,4.8833,38.0833,58.8,77,100,6.78,ET,2022-11-10 04:10:56
533,Saint-Pierre,-21.3393,55.4781,79.57,57,0,4.61,RE,2022-11-10 04:09:25
534,Kondinskoye,59.6481,67.41,30.78,98,100,3.94,RU,2022-11-10 04:10:56
535,Talalora,11.5293,124.8362,83.89,75,97,4.09,PH,2022-11-10 04:10:57
536,Yulara,-25.2406,130.9889,92.95,17,19,6.08,AU,2022-11-10 04:10:57
537,Kodinsk,58.6881,99.1844,24.51,83,100,9.71,RU,2022-11-10 04:10:58
538,Puerto Penasco,31.3167,-113.5333,69.3,39,99,13.82,MX,2022-11-10 04:10:58
539,La Plaine,15.3333,-61.25,78.37,85,100,11.14,DM,2022-11-10 04:10:58
540,Novyy Urgal,51.0736,132.5642,27.61,37,1,8.34,RU,2022-11-10 04:10:59
541,Concordia,-31.393,-58.0209,66.78,66,45,8.01,AR,2022-11-10 04:10:59
542,Koutiala,12.3917,-5.4642,71.91,21,6,7.14,ML,2022-11-10 04:11:00
543,Sudbury,46.49,-80.99,50.4,70,99,10.49,CA,2022-11-10 04:11:00
544,Hirado,33.3597,129.5531,70.39,55,77,4.45,JP,2022-11-10 04:11:01
545,Warwick,41.7001,-71.4162,49.91,81,20,9.22,US,2022-11-10 04:11:01
546,Manoel Urbano,-8.8389,-69.2597,77.58,59,93,2.75,BR,2022-11-10 04:11:01
547,Yura,-16.2522,-71.6797,50.52,43,0,2.3,PE,2022-11-10 04:11:02
548,Mattru,7.6244,-11.8332,72.63,95,5,2.04,SL,2022-11-10 04:11:02
549,Adrar,20.5022,-10.0711,69.69,16,1,7.96,MR,2022-11-10 04:11:03
550,Mount Pleasant,32.7941,-79.8626,64.99,77,100,13.8,US,2022-11-10 04:06:52
551,Butembo,0.15,29.2833,56.98,98,100,1.32,CD,2022-11-10 04:11:03
552,Las Choapas,17.9333,-94.0833,71.17,93,3,3.18,MX,2022-11-10 04:11:04
553,Aberdeen,57.1437,-2.0981,57.49,89,100,19.57,GB,2022-11-10 04:06:30
554,Xiaoweizhai,26.1903,107.5125,76.24,48,30,12.08,CN,2022-11-10 04:11:04
555,Plouzane,48.3833,-4.6167,53.65,93,0,10.36,FR,2022-11-10 04:11:05
556,Kota Belud,6.351,116.4305,86.79,69,100,4.43,MY,2022-11-10 04:07:30
557,Maldonado,-34.6667,-54.9167,58.39,96,49,7.52,UY,2022-11-10 04:11:06
558,Caucaia,-3.7361,-38.6531,80.55,76,40,10.36,BR,2022-11-10 04:11:06
559,Karratha,-20.7377,116.8463,83.57,34,0,20.96,AU,2022-11-10 04:11:07
560,Haimen,23.1935,116.6142,78.26,69,0,7.0,CN,2022-11-10 04:11:07
561,Povenets,62.8487,34.8262,35.51,96,100,8.12,RU,2022-11-10 04:11:08
562,Odessa,46.4775,30.7326,50.25,67,9,7.25,UA,2022-11-10 04:07:10
563,Rendsburg,54.3,9.6667,50.07,93,23,9.22,DE,2022-11-10 04:11:08
564,Ginir,7.1333,40.7,57.69,84,100,3.4,ET,2022-11-10 04:11:08
